{"accuracy_score": 0.9569333333333333, "precision_score": 0.9573784468447064, "recall_score": 0.9569333333333334, "f1_score": 0.9569104877550209, "roc_auc_score": 0.9991433518518518, "CrossEntropyLoss": 0.15825016796588898, "inference_time": 23.471702575683594, "model_parameters_count": 11189337}